<?xml version="1.0"?>
<!DOCTYPE hibernate-mapping PUBLIC "-//Hibernate/Hibernate Mapping DTD 2.0//EN"
          "http://hibernate.sourceforge.net/hibernate-mapping-2.0.dtd">
<hibernate-mapping>
	<class
		name="edu.internet2.middleware.signet.FunctionImpl"
		table="signet_function">
		
		<id name="key" type="int" column="functionKey">
			<generator class="native"/>
		</id>
		
		<timestamp name="modifyDatetime"/>
		
		<property
			name="id"
			column="functionID"/>
		
		<many-to-one
			name="subsystem"
			column="subsystemID"
			class="edu.internet2.middleware.signet.SubsystemImpl"
			not-null="true"
			cascade="none"/>
		
		<many-to-one
			name="category"
			column="categoryKey"
			class="edu.internet2.middleware.signet.CategoryImpl"
			not-null="false"
			cascade="none"/>
		
		<set
			name="permissions"
			table="signet_function_permission"
			cascade="save-update"
			lazy="false">
			<key>
				 <column name="functionKey"/>
			</key>
			<many-to-many
				class="edu.internet2.middleware.signet.PermissionImpl"
				column="permissionKey"/>
		</set>
		
		<property name="status" type="edu.internet2.middleware.signet.StatusType" not-null="true">
			<meta attribute="use-in-tostring">true</meta>
		</property>
		<property
			name="name" type="string" not-null="true"/>
		<property
			name="helpText" type="text" not-null="true"/>
			
	</class>
</hibernate-mapping>
