<?xml version="1.0" encoding="utf-8"?>

<!DOCTYPE
  hibernate-configuration
  PUBLIC
  '-//Hibernate/Hibernate Configuration DTD//EN'
  'http://hibernate.sourceforge.net/hibernate-configuration-2.0.dtd'>
  
<hibernate-configuration>
  <session-factory>
    
    <!-- Database connection properties -->
    <property name="hibernate.dialect">
	  @DB_DIALECT@
	</property>
    <property name="hibernate.connection.driver_class">
	  @DB_DRIVER@
	</property>
    <property name="hibernate.connection.url">
	  @DB_URL@
	</property>
    <property name="hibernate.connection.username">
	  @DB_USERNAME@
	</property>
    <property name="hibernate.connection.password">
	  @DB_PASSWORD@
	</property>
    
    <!-- general connection properties -->
    <property name="hibernate.show_sql">false</property>
    
    <mapping
      resource
        ="edu/internet2/middleware/signet/SubsystemImpl.hbm.xml"/>
    <mapping
      resource
        ="edu/internet2/middleware/signet/CategoryImpl.hbm.xml"/>
    <mapping
      resource
        ="edu/internet2/middleware/signet/FunctionImpl.hbm.xml"/>
    <mapping
      resource
        ="edu/internet2/middleware/signet/PermissionImpl.hbm.xml"/>
    <mapping
      resource
        ="edu/internet2/middleware/signet/TreeImpl.hbm.xml"/>
    <mapping
      resource
        ="edu/internet2/middleware/signet/TreeNodeImpl.hbm.xml"/>
    <mapping
      resource
        ="edu/internet2/middleware/signet/PrivilegedSubjectImpl.hbm.xml"/>
    <mapping
      resource
        ="edu/internet2/middleware/signet/AssignmentImpl.hbm.xml"/>
    <mapping
      resource
        ="edu/internet2/middleware/signet/ProxyImpl.hbm.xml"/>
    <mapping
      resource
        ="edu/internet2/middleware/signet/TreeNodeRelationship.hbm.xml"/>
    <mapping
      resource
        ="edu/internet2/middleware/signet/ChoiceSetImpl.hbm.xml"/>
    <mapping
      resource
        ="edu/internet2/middleware/signet/ChoiceImpl.hbm.xml"/>
    <mapping
      resource
        ="edu/internet2/middleware/signet/LimitImpl.hbm.xml"/>
	<mapping
      resource
        ="edu/internet2/middleware/signet/AssignmentHistory.hbm.xml"/>
	<mapping
      resource
        ="edu/internet2/middleware/signet/ProxyHistory.hbm.xml"/>
  </session-factory>
</hibernate-configuration>
