<?xml version="1.0"?>

<!DOCTYPE tiles-definitions PUBLIC
       "-//Apache Software Foundation//DTD Tiles Configuration 1.1//EN"
       "http://struts.apache.org/dtds/tiles-config_1_1.dtd">
<tiles-definitions>

  <!-- Main Layout -->
  <definition name="main.layout" path="/technology/mainLayout.jsp">
     <put name="title"  value=""/>
     <put name="header" value="/technology/header.jsp"/>
     <put name="body"   value=""/>
     <put name="footer" value="/technology/footer.jsp" />
  </definition>

  <!-- Search Page -->
  <definition name="search.page" extends="main.layout">
     <put name="title"  value="Search Page"/>
     <put name="body"   value="/technology/search.jsp"/>
  </definition>
  
  <!-- Experimental Page -->
  <definition name="foo">
	<put name="body" value="/foo.jsp"/>
  </definition>

</tiles-definitions>