<?xml version="1.0"?>
<!DOCTYPE hibernate-mapping PUBLIC "-//Hibernate/Hibernate Mapping DTD 2.0//EN"
          "http://hibernate.sourceforge.net/hibernate-mapping-2.0.dtd">
<hibernate-mapping>	
	<class
		name="edu.internet2.middleware.signet.LimitImpl"
		table="signet_limit">
		
		<id name="key" type="int" column="limitKey">
			<generator class="native"/>
		</id>

		<timestamp name="modifyDatetime"/>
		
		<set
			name="permissions"
			table="signet_permission_limit"
			cascade="save-update"
			lazy="false">
			<key>
				 <column name="limitKey"/>
			</key>
			<many-to-many
				class="edu.internet2.middleware.signet.PermissionImpl"
				column="permissionKey"/>
		</set>
		
		<property
			name="id"
			column="limitID"/>
			
		<property
			name="subsystemId"
			column="subsystemID"/>
			
		<property
			name="status"
			type="edu.internet2.middleware.signet.StatusType"
			not-null="true">
			<meta attribute="use-in-tostring">true</meta>
		</property>
		
		<!-- The limitType can be a Tree or a ChoiceSet.
			 For the moment, only a ChoiceSet is possible. -->
		<property
			name="limitType"
			not-null="true">
		</property>
		
		<!-- the ID of the ChoiceSet or Tree whose
			 values/nodes are the domain of limit values.
			 For the moment, only a ChoiceSet is possible. -->
		<property
			name="choiceSetId"
			column="limitTypeID"
			not-null="true" />
		
		<property
			name="name" type="string" not-null="true"/>
		<property
			name="helpText" type="text" not-null="true"/>
		
		<!-- The valueType will someday be used as some sort
			 of XML tag, but is so far unused. -->
		<property
			name="valueType"
			not-null="true">
		</property>
		
		<!-- The dataType can be TEXT, NUMERIC, or DATE. -->
		<property
			name="dataType"
			type="edu.internet2.middleware.signet.DataTypeType"
			not-null="true">
		</property>
		
		<!-- The presentationClass is the name of a JSP file that implements
			 a Struts Tile which displays this Limit. -->
		<property
			name="renderer"
			not-null="true">
		</property>
		
		<!-- displayOrder indicates the relative order in which Limits should be
			 displayed in a GUI. -->
		<property
			name="displayOrder"
			not-null="true">
		</property>
	</class>
</hibernate-mapping>
