<?xml version="1.0"?>
<!DOCTYPE hibernate-mapping PUBLIC "-//Hibernate/Hibernate Mapping DTD 2.0//EN"
          "http://hibernate.sourceforge.net/hibernate-mapping-2.0.dtd">
<hibernate-mapping>
	<class
		name="edu.internet2.middleware.signet.PermissionImpl"
		table="signet_permission"
		lazy="true">
		
		<id name="key" type="int" column="permissionKey">
			<generator class="native"/>
		</id>
		
		<timestamp name="modifyDatetime"/>
		
		<set
			name="functions"
			table="signet_function_permission"
			inverse="true"
			cascade="save-update"
			lazy="false">
			
			<key column="permissionKey"/>
			
			<many-to-many
				class="edu.internet2.middleware.signet.FunctionImpl">
			
				<column name="functionID"/>
				<column name="subsystemID"/>
			</many-to-many>
		</set>
		
		<set
			name="limits"
			table="signet_permission_limit"
			inverse="true"
			cascade="save-update"
			lazy="false">
			
			<key column="permissionKey"/>
			
			<many-to-many
				class="edu.internet2.middleware.signet.LimitImpl">
				<column name="limitKey"/>
			</many-to-many>
		</set>
		
		<many-to-one
			name="subsystem"
			column="subsystemID"
			class="edu.internet2.middleware.signet.SubsystemImpl"
			not-null="true"/>
		
		<property
			name="id"
			column="permissionID"/>
		
		<property
			name="status"
			type="edu.internet2.middleware.signet.StatusType"
			not-null="true">
		</property>
		
	</class>
</hibernate-mapping>
