<?xml version="1.0" encoding="utf-8"?>

<sources>

  <source adapterClass="edu.internet2.middleware.subject.provider.JDBCSourceAdapter">
    <id>local</id>
    <name>Local Subject Source</name>
    <type>person</type>
    <type>group</type>
    <init-param>
      <param-name>maxActive</param-name>
      <param-value>4</param-value>
    </init-param>
    <init-param>
      <param-name>maxIdle</param-name>
      <param-value>2</param-value>
    </init-param>
    <init-param>
      <param-name>maxWait</param-name>
      <param-value>5</param-value>
    </init-param>
	
<!-- connection params for HSQL -->
    <init-param>
      <param-name>dbDriver</param-name>
      <param-value>org.hsqldb.jdbcDriver</param-value>
    </init-param>
    <init-param>
      <param-name>dbUrl</param-name>
      <param-value>jdbc:hsqldb:hsql://localhost:9001/xdb</param-value>
    </init-param>
    <init-param>
      <param-name>dbUser</param-name>
      <param-value>sa</param-value>
    </init-param>
    <init-param>
      <param-name>dbPwd</param-name>
      <param-value></param-value>
    </init-param>
	
<!-- connection params for Sybase -->
<!--
    <init-param>
      <param-name>dbDriver</param-name>
      <param-value>com.sybase.jdbc2.jdbc.SybDriver</param-value>
    </init-param>
    <init-param>
      <param-name>dbUrl</param-name>
      <param-value>jdbc:sybase:Tds:renoir:1025/dsignet</param-value>
    </init-param>
    <init-param>
      <param-name>dbUser</param-name>
      <param-value>acohen</param-value>
    </init-param>
    <init-param>
      <param-name>dbPwd</param-name>
      <param-value>stanford</param-value>
    </init-param>
-->
	
  </source>
  
</sources>