<?xml version="1.0"?>
<!DOCTYPE hibernate-mapping PUBLIC "-//Hibernate/Hibernate Mapping DTD 2.0//EN"
          "http://hibernate.sourceforge.net/hibernate-mapping-2.0.dtd">
<hibernate-mapping>
	<class
		name="edu.internet2.middleware.signet.TreeNodeImpl"
		table="signet_treeNode">
		
		<composite-id
			name="fullyQualifiedId"
			class="edu.internet2.middleware.signet.TreeNodeFullyQualifiedId">
			<key-property name="treeId" column="treeID" />
			<key-property name="treeNodeId" column="nodeID" />
		</composite-id>
		
		<timestamp name="modifyDatetime"/>

		<property
			name="status"
			type="edu.internet2.middleware.signet.StatusType"
			not-null="true" />
		<property name="name" type="string" not-null="true"/>
		
<!--
		<property name="createDatetime" type="timestamp" not-null="true"/>
		<property name="createDbAccount" type="string" not-null="true"/>
		<property name="createUserID" type="string" not-null="false"/>
		<property name="createContext" type="string" not-null="false"/>
		<property name="modifyDbAccount" type="string" not-null="true"/>
		<property name="modifyUserID" type="string" not-null="false"/>
		<property name="modifyContext" type="string" not-null="false"/>
		<property name="comment" type="string" not-null="false"/>
-->
	</class>
</hibernate-mapping>
