<?xml version="1.0"?>
<!DOCTYPE hibernate-mapping
    PUBLIC "-//Hibernate/Hibernate Mapping DTD//EN"
    "http://hibernate.sourceforge.net/hibernate-mapping-3.0.dtd">

<!--
  Copyright (C) 2004-2007 University Corporation for Advanced Internet Development, Inc.
  Copyright (C) 2004-2007 The University Of Chicago
  
  Licensed under the Apache License, Version 2.0 (the "License");
  you may not use this file except in compliance with the License.
  You may obtain a copy of the License at
  
  http://www.apache.org/licenses/LICENSE-2.0 
  
  Unless required by applicable law or agreed to in writing, software
  distributed under the License is distributed on an "AS IS" BASIS,
  WITHOUT WARRANTIES OR CONDITIONS OF ANY KIND, either express or implied.
  See the License for the specific language governing permissions and
  limitations under the License.
-->
<!-- $Id: Hib3GrouploaderLog.hbm.xml,v 1.1 2008/06/01 21:27:25 mchyzer Exp $ -->
<hibernate-mapping package="edu.internet2.middleware.grouper.loader.db"
  default-lazy="false">
  <class name="Hib3GrouploaderLog" table="grouploader_log">

    <id name="id" type="string" unsaved-value="null" length="128">
      <generator class="uuid.hex" />
    </id>

    <timestamp name="lastUpdated" column="last_updated" />

    <property name="endedTime" type="timestamp">
      <column name="ended_time"/>
    </property>

    <property name="groupUuid" type="string">
      <column name="group_uuid" length="128" />
    </property>

    <property name="host" type="string">
      <column name="host" length="128" />
    </property>

    <property name="jobDescription" type="string">
      <column name="job_description" length="4000" />
    </property>

    <property name="jobMessage" type="string">
      <column name="job_message" length="4000" />
    </property>

    <property name="jobName" type="string">
      <column name="job_name"  length="512" />
    </property>

    <property name="jobScheduleIntervalSeconds" type="int">
      <column name="job_schedule_interval_seconds" />
    </property>

    <property name="jobScheduleQuartzCron" type="string">
      <column name="job_schedule_quartz_cron"  length="128" />
    </property>

    <property name="jobScheduleType" type="string">
      <column name="job_schedule_type" length="128" />
    </property>

    <property name="jobType" type="string">
      <column name="job_type" length="128" />
    </property>

    <property name="millis" type="int">
      <column name="millis" />
    </property>

    <property name="millisGetData" type="int">
      <column name="millis_get_data" />
    </property>

    <property name="millisLoadData" type="int">
      <column name="millis_load_data" />
    </property>

    <property name="jobSchedulePriority" type="int">
      <column name="job_schedule_priority" />
    </property>

    <property name="startedTime" type="timestamp">
      <column name="started_time" />
    </property>

    <property name="status" type="string">
      <column name="status"  length="20" />
    </property>

    <property name="unresolvableSubjectCount" type="int">
      <column name="unresolvable_subject_count" />
    </property>

    <property name="insertCount" type="int">
      <column name="insert_count" />
    </property>

    <property name="updateCount" type="int">
      <column name="update_count" />
    </property>

    <property name="deleteCount" type="int">
      <column name="delete_count" />
    </property>

    <property name="totalCount" type="int">
      <column name="total_count" />
    </property>

    <property name="parentJobName" type="string">
      <column name="parent_job_name"  length="512" />
    </property>

    <property name="parentJobId" type="string">
      <column name="parent_job_id"  length="128" />
    </property>

    <property name="andGroupNames" type="string">
      <column name="and_group_names"  length="512" />
    </property>

  </class>
</hibernate-mapping>

