<?xml version="1.0"?><!DOCTYPE hibernate-mapping PUBLIC "-//Hibernate/Hibernate Mapping DTD 2.0//EN"          "http://hibernate.sourceforge.net/hibernate-mapping-2.0.dtd"><hibernate-mapping>	<class		name="edu.internet2.middleware.signet.AssignmentImpl"		table="signet_assignment"		lazy="true">		<!--		NOTE: The following ID declaration must be used on HSQL.-->		<id name="id" type="int" column="assignmentID">			<generator class="native"/>		</id><!-- 		NOTE: The following ID declaration, while correct,		fails on HSQL, which has no "numeric" datatype.				FURTHER NOTE: TEST THIS SOMEHOW ON SYBASE, AND SEE IF THERE'S		SOME WAY TO SPECIFY A DECIMAL PRECISION OF (12,0) WITHOUT		FORCING THE DATATYPE TO NUMERIC, WHICH NOT EVERY DB SUPPORTS.		<id name="numericId" type="big_decimal" unsaved-value="null">        		<column name="assignmentID" sql-type="numeric(12,0)"/>        		<generator class="native"/>     	</id>-->    	<!--				<timestamp name="modifyDatetime"/>-->        <property			name="modifyDatetime" column="modifyDatetime" />		<many-to-one			name="grantor"			class="edu.internet2.middleware.signet.PrivilegedSubjectImpl"			column="grantorKey"			not-null="true"/>		<many-to-one			name="grantee"			class="edu.internet2.middleware.signet.PrivilegedSubjectImpl"			column="granteeKey"			not-null="true"/>		<many-to-one			name="revoker"			class="edu.internet2.middleware.signet.PrivilegedSubjectImpl"			column="revokerKey"			not-null="false"/>		<many-to-one			name="proxy"			class="edu.internet2.middleware.signet.PrivilegedSubjectImpl"			column="proxyKey"			not-null="false"/>				<many-to-one			name="function"			class="edu.internet2.middleware.signet.FunctionImpl"			column="functionKey"			cascade="none"			not-null="true"/>		<many-to-one			name="scope"			class="edu.internet2.middleware.signet.TreeNodeImpl"			cascade="save-update"			not-null="true">						<column name="scopeID"/>			<column name="scopeNodeID"/>		</many-to-one>				<!-- This mapping is modeled after an example on page 212 of			"Hibernate in Action".		-->		<set			name="limitValues"			lazy="true"			table="signet_assignmentLimit"			cascade="save-update">			<key column="assignmentID"/>						<composite-element class="edu.internet2.middleware.signet.LimitValue">								<many-to-one					name="limit"					cascade="none"					class="edu.internet2.middleware.signet.LimitImpl"					column="limitKey">				</many-to-one>				<property					name="value"					type="string">					<column name="value"></column>				</property>			</composite-element>		</set>				<!-- This mapping is modeled after an example on page 212 of			"Hibernate in Action".		--><!--		<set			name="history"			lazy="true"			table="signet_assignment_history"			cascade="save-update">			<key column="assignmentID"/>						<composite-element			 class="edu.internet2.middleware.signet.AssignmentHistoryImpl">			 				<property name="instanceNumber"/>				<property				 name="status"				 type="edu.internet2.middleware.signet.StatusType"				 not-null="true"/>				 				<many-to-one				 name="function"				 cascade="none"				 class="edu.internet2.middleware.signet.FunctionImpl"				 column="functionKey"/>							<many-to-one				 name="grantor"				 class="edu.internet2.middleware.signet.PrivilegedSubjectImpl"				 column="grantorKey"				 not-null="true"/>				<many-to-one				 name="grantee"				 class="edu.internet2.middleware.signet.PrivilegedSubjectImpl"				 column="granteeKey"				 not-null="true"/>				<many-to-one				 name="revoker"				 class="edu.internet2.middleware.signet.PrivilegedSubjectImpl"				 column="revokerKey"				 not-null="false"/>				<many-to-one				 name="proxySubject"				 class="edu.internet2.middleware.signet.PrivilegedSubjectImpl"				 column="proxyKey"				 not-null="false"/>				<many-to-one				 name="scope"				 class="edu.internet2.middleware.signet.TreeNodeImpl"				 cascade="none"				 not-null="true">					<column name="scopeID"/>					<column name="scopeNodeID"/>				</many-to-one>								<property				 name="canGrant"				 type="boolean"				 not-null="true"/>				 				<property				 name="canUse"				 type="boolean"				 not-null="true"/>				 				<property				 name="effectiveDate"				 type="timestamp"				 not-null="true"/>				 				<property				 name="expirationDate"				 type="timestamp"				 not-null="false"/>				 				<property				 name="historyDatetime"				 not-null="true"/>				 				<property				 name="modifyDatetime"				 column="modifyDatetime" />			</composite-element>		</set>-->				<set		 name="history"		 lazy="true"		 table="signet_assignment_history"		 cascade="save-update">						<key column="assignmentID"/>			<one-to-many				class="edu.internet2.middleware.signet.AssignmentHistoryImpl"/>		</set>				<property			name="status"			type="edu.internet2.middleware.signet.StatusType"			not-null="true"/>		<property			name="canGrant"			type="boolean"			not-null="true"/>		<property			name="canUse"			type="boolean"			not-null="true"/>		<property			name="effectiveDate"			not-null="true"/>		<property			name="expirationDate"			not-null="false"/>		<property			name="instanceNumber"			not-null="true"/>	</class></hibernate-mapping>