<?xml version="1.0"?><!DOCTYPE hibernate-mapping PUBLIC "-//Hibernate/Hibernate Mapping DTD 2.0//EN"          "http://hibernate.sourceforge.net/hibernate-mapping-2.0.dtd"><hibernate-mapping>	<class		name="edu.internet2.middleware.signet.CategoryImpl"		table="signet_category">				<id name="key" type="int" column="categoryKey">			<generator class="native"/>		</id>				<timestamp name="modifyDatetime"/>				<property			name="id"			column="categoryID"/>				<many-to-one 			name="subsystem"			column="subsystemID"			class="edu.internet2.middleware.signet.SubsystemImpl"			not-null="true"/>		<property			name="status"			type="edu.internet2.middleware.signet.StatusType"			not-null="true"/>		<property name="name" type="string" not-null="true"/>				<set name="functions" inverse="true" cascade="none">			<key column="categoryKey"/>			<one-to-many class="edu.internet2.middleware.signet.FunctionImpl"/>		</set>	</class></hibernate-mapping>