<?xml version="1.0"?><!DOCTYPE hibernate-mapping PUBLIC "-//Hibernate/Hibernate Mapping DTD 2.0//EN"          "http://hibernate.sourceforge.net/hibernate-mapping-2.0.dtd"><hibernate-mapping>	<class		name="edu.internet2.middleware.signet.PrivilegedSubjectImpl"		table="signet_subject"		lazy="true">		<!--		NOTE: The following ID declaration must be used on HSQL.-->		<id name="id" type="int" column="subjectKey">			<generator class="native"/>		</id><!-- 		NOTE: The following ID declaration, while correct,		fails on HSQL, which has no "numeric" datatype.				FURTHER NOTE: TEST THIS SOMEHOW ON SYBASE, AND SEE IF THERE'S		SOME WAY TO SPECIFY A DECIMAL PRECISION OF (12,0) WITHOUT		FORCING THE DATATYPE TO NUMERIC, WHICH NOT EVERY DB SUPPORTS.		<id name="numericId" type="big_decimal" unsaved-value="null">        		<column name="assignmentID" sql-type="numeric(12,0)"/>        		<generator class="native"/>     	</id>-->		<property			name="subjectId" column="subjectID"/>		<property			name="subjectTypeId" column="subjectTypeID"/>					<property			name="name" column="name"/>		<property			name="description" column="description"/>		<set			name="assignmentsGranted"			inverse="true"			cascade="none">			<key column="grantorKey"/>			<one-to-many class="edu.internet2.middleware.signet.AssignmentImpl"/>		</set>				<set			name="assignmentsReceived"			inverse="true"			cascade="none">			<key column="granteeKey"/>			<one-to-many class="edu.internet2.middleware.signet.AssignmentImpl"/>		</set>				<set			name="proxiesGranted"			inverse="true"			cascade="none">			<key column="grantorKey"/>			<one-to-many class="edu.internet2.middleware.signet.ProxyImpl"/>		</set>				<set			name="proxiesReceived"			inverse="true"			cascade="none">			<key column="granteeKey"/>			<one-to-many class="edu.internet2.middleware.signet.ProxyImpl"/>		</set>		        <property			name="modifyDatetime"			column="modifyDatetime" />	</class></hibernate-mapping>