<?xml version="1.0"?><!DOCTYPE hibernate-mapping PUBLIC "-//Hibernate/Hibernate Mapping DTD 2.0//EN"          "http://hibernate.sourceforge.net/hibernate-mapping-2.0.dtd"><hibernate-mapping>	<class		name="edu.internet2.middleware.signet.TreeImpl"		table="signet_tree">				<id name="id" type="string" column="treeID">			<generator class="assigned"/>		</id>				<timestamp name="modifyDatetime"/>			<property			name="adapterClassName"			column="adapterClass"			not-null="true"/>					<set name="subsystems" inverse="true" cascade="save-update">			<key column="scopeTreeID"/>			<one-to-many class="edu.internet2.middleware.signet.SubsystemImpl"/>		</set>				<property name="name" type="string" not-null="true"/>				<set name="nodes" inverse="true" cascade="save-update">			<key column="treeID"/>			<one-to-many				class="edu.internet2.middleware.signet.TreeNodeImpl"/>		</set>		<!--		<property name="createDatetime" type="timestamp" not-null="true"/>		<property name="createDbAccount" type="string" not-null="true"/>		<property name="createUserID" type="string" not-null="false"/>		<property name="createContext" type="string" not-null="false"/>		<property name="modifyDbAccount" type="string" not-null="true"/>		<property name="modifyUserID" type="string" not-null="false"/>		<property name="modifyContext" type="string" not-null="false"/>		<property name="comment" type="string" not-null="false"/>-->	</class></hibernate-mapping>